{ 
	"1":"签名出错",
	"2":"您尝试次数过多，请稍后重试",
	"3":"您在不同的设备同时登陆了，请重新登陆",
	"4":"您很久没有来了，请重新登陆",
	"5":"有新版本更新咯，您可以更新一下",
	"6":"您的版本不是最新版本",
	"7":"您好，目前正在例行维护中",
	"101":"请求出错",
	"102":"参数错误",
	"103":"moddo lock fail",
	"104":"无此用户",
	"201":"金币不够",
	"202":"条件不符合",
	"203":"无此用户",
	"204":"无金币",
	"205":"无爱心值",
	"206":"无此材料",
	"207":"材料数量不足",
	"208":"无此用户ID",
	"209":"无此商品",
	"210":"商品数量不足",
	"211":"无此奖品",
	"212":"奖品已领过",
	"213":"查无此人",
	"214":"捐赠失败",
	"215":"猫粮数量不足",
	"216":"幸运值过小",
	"217":"古玩碎片数量不够",
	"218":"爱心卡数量不足",
	"219":"爱心币数量不足",
	"220":"玫瑰数量不足",
	"221":"金币数量不足",
	"222":"金条数量不足",
	"1001":"购买次数已达上限",
	"1101":"你的好友数已达上限",
	"1102":"对方的好友数已达上限",
	"1103":"好友申请不存在",
	"1104":"赠送次数已达今日上限",
	"1105":"领取次数已达今日上限",
	"1106":"该礼物已领取",
	"1107":"该礼物不存在",
	"1108":"已是好友关系",
	"1109":"不允许加自己",
	"1201":"员工人数已达上限",
	"1202":"没有此员工的信息",
	"1203":"存在该员工之前的声望还未领取",
	"1204":"该员工已经被挖走",
	"1301":"该活动已结束了",
	"1302":"请在有效时段内参加活动",
	"1303":"活动礼物已领取",
	"1304":"请求不存在",
	"1305":"今日已喂养过了",
	"1306":"请先喂养",
	"1307":"该奖励不存在",
	"1501":"材料不足",
	"1502":"不可再升级",
	"1503":"购买失败",
	"1504":"无此商品",
	"1505":"补货失败,请再试下",
	"1601":"无此商品",
	"1602":"爱心值不够",
	"1603":"物资不足"
}